branch_id,branch,anchor_status,anchor_id,anchor_title,anchor_year,anchor_cited_by,citation_peak_window,citation_survival,label_survival,idea_minus_label,early_window,early_citing_fields,recent_citing_fields
expert-systems,Expert systems,resolved,W1549872659,Rule-Based Expert Systems: The MYCIN Experiments of the Stanford Heuristic Programming Project,1986,1707,1987-1991,0.040,0.062,-0.021,1986-2000,Computer Science 65%; Engineering 8%; Decision Sciences 6%,Computer Science 57%; Medicine 15%; Engineering 7%
case-based-reasoning,Case-based reasoning,resolved,W2126385963,"Case-Based Reasoning: Foundational Issues, Methodological Variations, and System Approaches",1994,5597,2005-2009,0.293,0.376,-0.083,1994-2008,"Computer Science 79%; Engineering 7%; Business, Management and Accounting 5%","Computer Science 55%; Engineering 18%; Business, Management and Accounting 6%"
inductive-logic-programming,Inductive logic programming,resolved,W2520858206,Inductive logic programming,1991,961,1993-1997,0.273,0.127,0.147,1991-2005,"Computer Science 92%; Biochemistry, Genetics and Molecular Biology 4%; Decision Sciences 1%",Computer Science 82%; Engineering 3%; Medicine 2%
learning-classifier-systems,Learning classifier systems,resolved,W1989101984,Classifier Fitness Based on Accuracy,1995,1392,2004-2008,0.140,0.163,-0.023,1995-2009,Computer Science 92%; Decision Sciences 3%; Engineering 2%,"Computer Science 89%; Engineering 4%; Biochemistry, Genetics and Molecular Biology 2%"
fuzzy-logic,Fuzzy logic,resolved,W4211007335,Fuzzy sets,1965,67545,2020-2024,0.957,0.962,-0.004,1965-1979,Computer Science 48%; Decision Sciences 30%; Engineering 7%,Decision Sciences 38%; Computer Science 19%; Engineering 14%
genetic-programming,Genetic programming,resolved,W2040492000,Genetic programming as a means for programming computers by natural selection,1994,1679,2021-2025,1.000,0.531,0.469,1994-2008,"Computer Science 65%; Decision Sciences 8%; Economics, Econometrics and Finance 5%",Computer Science 43%; Engineering 30%; Environmental Science 6%
self-organizing-maps,Self-organizing maps,resolved,W65738273,Self-organized formation of topologically correct feature maps,1982,9627,2002-2006,0.686,0.436,0.250,1982-1996,Computer Science 63%; Neuroscience 17%; Engineering 8%,Computer Science 23%; Environmental Science 19%; Engineering 15%
hopfield-networks,Hopfield networks,resolved,W2128084896,Neural networks and physical systems with emergent collective computational abilities.,1982,19592,1988-1992,0.339,0.405,-0.066,1982-1996,Computer Science 63%; Neuroscience 14%; Engineering 9%,Computer Science 38%; Engineering 18%; Neuroscience 18%
boltzmann-machines,Boltzmann machines,resolved,W2042492924,A Learning Algorithm for Boltzmann Machines*,1985,3300,1986-1990,0.224,0.641,-0.417,1985-1999,Computer Science 68%; Neuroscience 11%; Psychology 6%,Computer Science 50%; Engineering 12%; Neuroscience 12%
reservoir-computing,Reservoir computing,resolved,W2118706537,Harnessing Nonlinearity: Predicting Chaotic Systems and Saving Energy in Wireless Communication,2004,3889,2019-2023,0.986,1.000,-0.014,2004-2010,Computer Science 72%; Neuroscience 13%; Engineering 7%,Computer Science 78%; Engineering 8%; Neuroscience 5%
neuroevolution,Neuroevolution,resolved,W2111935653,Evolving Neural Networks through Augmenting Topologies,2002,3310,2019-2023,0.747,1.000,-0.253,2002-2010,Computer Science 80%; Engineering 7%; Neuroscience 3%,Computer Science 68%; Engineering 17%; Neuroscience 3%
symbolic-regression,Symbolic regression,resolved,W1979769287,Distilling Free-Form Natural Laws from Experimental Data,2009,2957,2020-2024,0.987,1.000,-0.013,2009-2010,"Computer Science 41%; Engineering 16%; Biochemistry, Genetics and Molecular Biology 14%",Physics and Astronomy 33%; Computer Science 21%; Engineering 20%
support-vector-machines,Support vector machines (control),resolved,W4239510810,Support-vector networks,1995,41221,2020-2024,0.964,0.817,0.147,1995-2009,"Computer Science 57%; Engineering 18%; Biochemistry, Genetics and Molecular Biology 10%",Computer Science 29%; Engineering 20%; Environmental Science 10%
