branch_id,anchor_id,year,citing_works,total_works,citing_share_per_100k
expert-systems,W1549872659,1986,33,1643998,2.0073017120458783
expert-systems,W1549872659,1987,63,1731592,3.6382704470799125
expert-systems,W1549872659,1988,60,1812208,3.3108782214845096
expert-systems,W1549872659,1989,49,1930828,2.5377713602661656
expert-systems,W1549872659,1990,58,2092175,2.7722346362039505
expert-systems,W1549872659,1991,69,2088432,3.303914132708175
expert-systems,W1549872659,1992,55,2187437,2.514358127799795
expert-systems,W1549872659,1993,84,2281828,3.681259060717986
expert-systems,W1549872659,1994,45,2408187,1.868625650748883
expert-systems,W1549872659,1995,34,2559331,1.3284721671405535
expert-systems,W1549872659,1996,42,2772211,1.5150361931324852
expert-systems,W1549872659,1997,42,2863925,1.466518850877729
expert-systems,W1549872659,1998,43,3049279,1.410169420377735
expert-systems,W1549872659,1999,35,3164532,1.1060087241968166
expert-systems,W1549872659,2000,29,3819839,0.7591943011210682
expert-systems,W1549872659,2001,33,3823161,0.8631600918716215
expert-systems,W1549872659,2002,53,4435510,1.1949020518497309
expert-systems,W1549872659,2003,46,4719053,0.9747718451138395
expert-systems,W1549872659,2004,39,5122354,0.7613686988443205
expert-systems,W1549872659,2005,63,5473330,1.1510360237734614
expert-systems,W1549872659,2006,44,5962176,0.7379855945211949
expert-systems,W1549872659,2007,56,6498279,0.8617666308264081
expert-systems,W1549872659,2008,38,6992649,0.5434278197003739
expert-systems,W1549872659,2009,58,7564516,0.7667377529507506
expert-systems,W1549872659,2010,55,8106478,0.6784697374124743
expert-systems,W1549872659,2011,50,8722894,0.5732042599623474
expert-systems,W1549872659,2012,49,8993417,0.5448429668056091
expert-systems,W1549872659,2013,53,9445386,0.5611205301720862
expert-systems,W1549872659,2014,39,9998226,0.3900691982757741
expert-systems,W1549872659,2015,30,10215433,0.29367330782748025
expert-systems,W1549872659,2016,36,10628204,0.3387213869812811
expert-systems,W1549872659,2017,33,10486826,0.31468053346169755
expert-systems,W1549872659,2018,27,10440560,0.2586068180250868
expert-systems,W1549872659,2019,39,10809025,0.3608096012360042
expert-systems,W1549872659,2020,37,11502225,0.3216768929489729
expert-systems,W1549872659,2021,40,10787054,0.37081486752546156
expert-systems,W1549872659,2022,12,10282098,0.11670769914855898
expert-systems,W1549872659,2023,7,10918455,0.06411163484210906
expert-systems,W1549872659,2024,6,10868091,0.055207487681139214
expert-systems,W1549872659,2025,3,14673699,0.020444742665090786
case-based-reasoning,W2126385963,1994,6,2408187,0.2491500867665177
case-based-reasoning,W2126385963,1995,27,2559331,1.0549631915527926
case-based-reasoning,W2126385963,1996,25,2772211,0.9018072578169555
case-based-reasoning,W2126385963,1997,48,2863925,1.676021543860262
case-based-reasoning,W2126385963,1998,60,3049279,1.9676782609921888
case-based-reasoning,W2126385963,1999,67,3164532,2.1172167006053346
case-based-reasoning,W2126385963,2000,66,3819839,1.7278215128962242
case-based-reasoning,W2126385963,2001,91,3823161,2.380229344252047
case-based-reasoning,W2126385963,2002,119,4435510,2.682893286228641
case-based-reasoning,W2126385963,2003,154,4719053,3.2633666119028546
case-based-reasoning,W2126385963,2004,141,5122354,2.7526406804371586
case-based-reasoning,W2126385963,2005,212,5473330,3.8733275720630767
case-based-reasoning,W2126385963,2006,248,5962176,4.1595551691194625
case-based-reasoning,W2126385963,2007,285,6498279,4.385776603312969
case-based-reasoning,W2126385963,2008,243,6992649,3.4750778996629177
case-based-reasoning,W2126385963,2009,268,7564516,3.542857203289675
case-based-reasoning,W2126385963,2010,313,8106478,3.8611095965473536
case-based-reasoning,W2126385963,2011,311,8722894,3.5653304969658004
case-based-reasoning,W2126385963,2012,322,8993417,3.5803966390082884
case-based-reasoning,W2126385963,2013,261,9445386,2.76325393160216
case-based-reasoning,W2126385963,2014,271,9998226,2.710480839300892
case-based-reasoning,W2126385963,2015,243,10215433,2.37875379340259
case-based-reasoning,W2126385963,2016,199,10628204,1.872376555813193
case-based-reasoning,W2126385963,2017,248,10486826,2.3648718878333637
case-based-reasoning,W2126385963,2018,225,10440560,2.155056816875723
case-based-reasoning,W2126385963,2019,223,10809025,2.0630907968109984
case-based-reasoning,W2126385963,2020,186,11502225,1.6170784348245664
case-based-reasoning,W2126385963,2021,170,10787054,1.5759631869832116
case-based-reasoning,W2126385963,2022,130,10282098,1.2643334074427222
case-based-reasoning,W2126385963,2023,130,10918455,1.1906446470677399
case-based-reasoning,W2126385963,2024,114,10868091,1.048942265941645
case-based-reasoning,W2126385963,2025,90,14673699,0.6133422799527235
inductive-logic-programming,W2520858206,1991,2,2088432,0.09576562703501958
inductive-logic-programming,W2520858206,1992,11,2187437,0.502871625559959
inductive-logic-programming,W2520858206,1993,31,2281828,1.3585598914554473
inductive-logic-programming,W2520858206,1994,44,2408187,1.8271006362877966
inductive-logic-programming,W2520858206,1995,32,2559331,1.2503267455440503
inductive-logic-programming,W2520858206,1996,20,2772211,0.7214458062535644
inductive-logic-programming,W2520858206,1997,34,2863925,1.1871819269010186
inductive-logic-programming,W2520858206,1998,23,3049279,0.7542766667136723
inductive-logic-programming,W2520858206,1999,23,3164532,0.7268057330436223
inductive-logic-programming,W2520858206,2000,27,3819839,0.7068360734575463
inductive-logic-programming,W2520858206,2001,39,3823161,1.0200982903937343
inductive-logic-programming,W2520858206,2002,21,4435510,0.4734517563932896
inductive-logic-programming,W2520858206,2003,31,4719053,0.6569114608375876
inductive-logic-programming,W2520858206,2004,19,5122354,0.3709232122574894
inductive-logic-programming,W2520858206,2005,23,5473330,0.42021950074269226
inductive-logic-programming,W2520858206,2006,24,5962176,0.40253759701156083
inductive-logic-programming,W2520858206,2007,20,6498279,0.3077737967237172
inductive-logic-programming,W2520858206,2008,24,6992649,0.3432175703370783
inductive-logic-programming,W2520858206,2009,29,7564516,0.3833688764753753
inductive-logic-programming,W2520858206,2010,27,8106478,0.3330669620024874
inductive-logic-programming,W2520858206,2011,21,8722894,0.2407457891841859
inductive-logic-programming,W2520858206,2012,22,8993417,0.24462337285149793
inductive-logic-programming,W2520858206,2013,20,9445386,0.21174359629135328
inductive-logic-programming,W2520858206,2014,18,9998226,0.1800319376657419
inductive-logic-programming,W2520858206,2015,15,10215433,0.14683665391374012
inductive-logic-programming,W2520858206,2016,26,10628204,0.24463211281981415
inductive-logic-programming,W2520858206,2017,24,10486826,0.22885856979032548
inductive-logic-programming,W2520858206,2018,30,10440560,0.2873409089167631
inductive-logic-programming,W2520858206,2019,43,10809025,0.3978157141832867
inductive-logic-programming,W2520858206,2020,23,11502225,0.1999613118331453
inductive-logic-programming,W2520858206,2021,41,10787054,0.3800852392135981
inductive-logic-programming,W2520858206,2022,45,10282098,0.43765387180709614
inductive-logic-programming,W2520858206,2023,46,10918455,0.42130502896243105
inductive-logic-programming,W2520858206,2024,27,10868091,0.24843369456512648
inductive-logic-programming,W2520858206,2025,36,14673699,0.24533691198108942
learning-classifier-systems,W1989101984,1995,1,2559331,0.03907271079825157
learning-classifier-systems,W1989101984,1996,6,2772211,0.21643374187606934
learning-classifier-systems,W1989101984,1997,5,2863925,0.17458557748544393
learning-classifier-systems,W1989101984,1998,7,3049279,0.229562463782422
learning-classifier-systems,W1989101984,1999,16,3164532,0.505603988204259
learning-classifier-systems,W1989101984,2000,32,3819839,0.8377316426163511
learning-classifier-systems,W1989101984,2001,41,3823161,1.0724110232344386
learning-classifier-systems,W1989101984,2002,51,4435510,1.1498114083837034
learning-classifier-systems,W1989101984,2003,62,4719053,1.3138229216751751
learning-classifier-systems,W1989101984,2004,57,5122354,1.1127696367724682
learning-classifier-systems,W1989101984,2005,88,5473330,1.6077963506676922
learning-classifier-systems,W1989101984,2006,74,5962176,1.241157590785646
learning-classifier-systems,W1989101984,2007,111,6498279,1.7081445718166302
learning-classifier-systems,W1989101984,2008,110,6992649,1.5730805307116087
learning-classifier-systems,W1989101984,2009,74,7564516,0.9782516158337162
learning-classifier-systems,W1989101984,2010,71,8106478,0.8758427519324667
learning-classifier-systems,W1989101984,2011,62,8722894,0.7107732823533107
learning-classifier-systems,W1989101984,2012,63,8993417,0.7005123858929259
learning-classifier-systems,W1989101984,2013,61,9445386,0.6458179686886275
learning-classifier-systems,W1989101984,2014,56,9998226,0.5600993616267526
learning-classifier-systems,W1989101984,2015,36,10215433,0.3524079693929763
learning-classifier-systems,W1989101984,2016,38,10628204,0.35753924181357455
learning-classifier-systems,W1989101984,2017,37,10486826,0.3528236284267518
learning-classifier-systems,W1989101984,2018,34,10440560,0.3256530301056649
learning-classifier-systems,W1989101984,2019,37,10809025,0.34230654476236294
learning-classifier-systems,W1989101984,2020,37,11502225,0.3216768929489729
learning-classifier-systems,W1989101984,2021,35,10787054,0.3244630090847788
learning-classifier-systems,W1989101984,2022,32,10282098,0.31122053106282394
learning-classifier-systems,W1989101984,2023,11,10918455,0.10074685475188569
learning-classifier-systems,W1989101984,2024,19,10868091,0.1748237109902742
learning-classifier-systems,W1989101984,2025,15,14673699,0.10222371332545394
fuzzy-logic,W4211007335,1965,0,648891,0
fuzzy-logic,W4211007335,1966,0,703066,0
fuzzy-logic,W4211007335,1967,3,755142,0.3972762738663722
fuzzy-logic,W4211007335,1968,13,808598,1.6077210183552273
fuzzy-logic,W4211007335,1969,14,861849,1.6244144856001457
fuzzy-logic,W4211007335,1970,7,1010448,0.6927620223900686
fuzzy-logic,W4211007335,1971,17,933800,1.820518312272435
fuzzy-logic,W4211007335,1972,33,975399,3.38323086244706
fuzzy-logic,W4211007335,1973,21,994696,2.111197793094574
fuzzy-logic,W4211007335,1974,29,1035402,2.800844502908049
fuzzy-logic,W4211007335,1975,65,1078301,6.028001457848968
fuzzy-logic,W4211007335,1976,75,1101044,6.811716879616074
fuzzy-logic,W4211007335,1977,68,1148931,5.918545151971703
fuzzy-logic,W4211007335,1978,67,1200250,5.58217038117059
fuzzy-logic,W4211007335,1979,78,1246297,6.25854029978408
fuzzy-logic,W4211007335,1980,102,1367320,7.459848462686131
fuzzy-logic,W4211007335,1981,88,1357201,6.483932740986781
fuzzy-logic,W4211007335,1982,117,1390231,8.415867578841214
fuzzy-logic,W4211007335,1983,141,1446210,9.749621424274483
fuzzy-logic,W4211007335,1984,109,1515009,7.194676731293345
fuzzy-logic,W4211007335,1985,118,1564860,7.540610661656634
fuzzy-logic,W4211007335,1986,163,1643998,9.914853911014491
fuzzy-logic,W4211007335,1987,144,1731592,8.316046736182658
fuzzy-logic,W4211007335,1988,210,1812208,11.588073775195783
fuzzy-logic,W4211007335,1989,175,1930828,9.063469143807733
fuzzy-logic,W4211007335,1990,234,2092175,11.184532842615939
fuzzy-logic,W4211007335,1991,246,2088432,11.779172125307408
fuzzy-logic,W4211007335,1992,346,2187437,15.817598403976893
fuzzy-logic,W4211007335,1993,342,2281828,14.987983318637513
fuzzy-logic,W4211007335,1994,472,2408187,19.59980682563273
fuzzy-logic,W4211007335,1995,386,2559331,15.082066368125107
fuzzy-logic,W4211007335,1996,408,2772211,14.717494447572715
fuzzy-logic,W4211007335,1997,452,2863925,15.782536204684131
fuzzy-logic,W4211007335,1998,452,3049279,14.823176232807821
fuzzy-logic,W4211007335,1999,544,3164532,17.190535598944805
fuzzy-logic,W4211007335,2000,512,3819839,13.403706281861618
fuzzy-logic,W4211007335,2001,492,3823161,12.868932278813265
fuzzy-logic,W4211007335,2002,1634,4435510,36.839055711744535
fuzzy-logic,W4211007335,2003,946,4719053,20.04639490168896
fuzzy-logic,W4211007335,2004,782,5122354,15.26641852554509
fuzzy-logic,W4211007335,2005,986,5473330,18.01462729270846
fuzzy-logic,W4211007335,2006,1124,5962176,18.852177460041432
fuzzy-logic,W4211007335,2007,1306,6498279,20.097628926058732
fuzzy-logic,W4211007335,2008,1391,6992649,19.892318347453163
fuzzy-logic,W4211007335,2009,1592,7564516,21.045629356855084
fuzzy-logic,W4211007335,2010,1817,8106478,22.41417296142665
fuzzy-logic,W4211007335,2011,1999,8722894,22.916706313294647
fuzzy-logic,W4211007335,2012,2045,8993417,22.738854430968786
fuzzy-logic,W4211007335,2013,2182,9445386,23.10122635538664
fuzzy-logic,W4211007335,2014,2224,9998226,22.243946076033886
fuzzy-logic,W4211007335,2015,2474,10215433,24.218258785506205
fuzzy-logic,W4211007335,2016,2591,10628204,24.378530935236096
fuzzy-logic,W4211007335,2017,2908,10486826,27.730030039594443
fuzzy-logic,W4211007335,2018,3255,10440560,31.176488617468795
fuzzy-logic,W4211007335,2019,3433,10809025,31.760496437005187
fuzzy-logic,W4211007335,2020,3705,11502225,32.2111591452958
fuzzy-logic,W4211007335,2021,4056,10787054,37.6006275670818
fuzzy-logic,W4211007335,2022,4030,10282098,39.19433563072439
fuzzy-logic,W4211007335,2023,4182,10918455,38.30212241567145
fuzzy-logic,W4211007335,2024,3764,10868091,34.633497271968004
fuzzy-logic,W4211007335,2025,3589,14673699,24.458727141670273
genetic-programming,W2040492000,1994,0,2408187,0
genetic-programming,W2040492000,1995,2,2559331,0.07814542159650315
genetic-programming,W2040492000,1996,2,2772211,0.07214458062535645
genetic-programming,W2040492000,1997,0,2863925,0
genetic-programming,W2040492000,1998,6,3049279,0.19676782609921886
genetic-programming,W2040492000,1999,2,3164532,0.06320049852553238
genetic-programming,W2040492000,2000,1,3819839,0.026179113831760973
genetic-programming,W2040492000,2001,2,3823161,0.05231273284070433
genetic-programming,W2040492000,2002,1,4435510,0.022545321733013792
genetic-programming,W2040492000,2003,3,4719053,0.0635720768552504
genetic-programming,W2040492000,2004,4,5122354,0.0780890973173662
genetic-programming,W2040492000,2005,1,5473330,0.01827041307576923
genetic-programming,W2040492000,2006,5,5962176,0.08386199937740851
genetic-programming,W2040492000,2007,3,6498279,0.046166069508557575
genetic-programming,W2040492000,2008,5,6992649,0.0715036604868913
genetic-programming,W2040492000,2009,5,7564516,0.06609808215092677
genetic-programming,W2040492000,2010,8,8106478,0.09868650725999627
genetic-programming,W2040492000,2011,11,8722894,0.12610493719171642
genetic-programming,W2040492000,2012,8,8993417,0.08895395376418107
genetic-programming,W2040492000,2013,34,9445386,0.35996411369530057
genetic-programming,W2040492000,2014,28,9998226,0.2800496808133763
genetic-programming,W2040492000,2015,21,10215433,0.20557131547923618
genetic-programming,W2040492000,2016,19,10628204,0.17876962090678727
genetic-programming,W2040492000,2017,24,10486826,0.22885856979032548
genetic-programming,W2040492000,2018,86,10440560,0.8237106055613875
genetic-programming,W2040492000,2019,119,10809025,1.1009318601816538
genetic-programming,W2040492000,2020,118,11502225,1.0258884694048325
genetic-programming,W2040492000,2021,113,10787054,1.0475520007594288
genetic-programming,W2040492000,2022,154,10282098,1.4977488057398403
genetic-programming,W2040492000,2023,218,10918455,1.9966194850828254
genetic-programming,W2040492000,2024,266,10868091,2.4475319538638387
genetic-programming,W2040492000,2025,235,14673699,1.601504842098778
self-organizing-maps,W65738273,1982,2,1390231,0.14386098425369595
self-organizing-maps,W65738273,1983,2,1446210,0.13829250247197847
self-organizing-maps,W65738273,1984,3,1515009,0.19801862563192693
self-organizing-maps,W65738273,1985,1,1564860,0.0639034801835308
self-organizing-maps,W65738273,1986,7,1643998,0.425791272252156
self-organizing-maps,W65738273,1987,9,1731592,0.5197529210114161
self-organizing-maps,W65738273,1988,15,1812208,0.8277195553711274
self-organizing-maps,W65738273,1989,27,1930828,1.3983638107589076
self-organizing-maps,W65738273,1990,60,2092175,2.867828934004087
self-organizing-maps,W65738273,1991,69,2088432,3.303914132708175
self-organizing-maps,W65738273,1992,97,2187437,4.434413425392365
self-organizing-maps,W65738273,1993,76,2281828,3.330662959697225
self-organizing-maps,W65738273,1994,83,2408187,3.4465762002701616
self-organizing-maps,W65738273,1995,95,2559331,3.7119075258338996
self-organizing-maps,W65738273,1996,108,2772211,3.8958073537692477
self-organizing-maps,W65738273,1997,123,2863925,4.294805206141921
self-organizing-maps,W65738273,1998,136,3049279,4.460070724915627
self-organizing-maps,W65738273,1999,111,3164532,3.507627668167046
self-organizing-maps,W65738273,2000,124,3819839,3.24621011513836
self-organizing-maps,W65738273,2001,137,3823161,3.583422199588247
self-organizing-maps,W65738273,2002,364,4435510,8.20649711081702
self-organizing-maps,W65738273,2003,247,4719053,5.234100994415617
self-organizing-maps,W65738273,2004,215,5122354,4.197288980808433
self-organizing-maps,W65738273,2005,241,5473330,4.403169551260384
self-organizing-maps,W65738273,2006,228,5962176,3.8241071716098287
self-organizing-maps,W65738273,2007,303,6498279,4.662773020364315
self-organizing-maps,W65738273,2008,273,6992649,3.9040998625842653
self-organizing-maps,W65738273,2009,316,7564516,4.177398791938573
self-organizing-maps,W65738273,2010,296,8106478,3.6514007686198617
self-organizing-maps,W65738273,2011,322,8722894,3.6914354341575173
self-organizing-maps,W65738273,2012,323,8993417,3.5915158832288108
self-organizing-maps,W65738273,2013,344,9445386,3.6419898562112762
self-organizing-maps,W65738273,2014,345,9998226,3.450612138593387
self-organizing-maps,W65738273,2015,359,10215433,3.514290583668847
self-organizing-maps,W65738273,2016,349,10628204,3.283715668235198
self-organizing-maps,W65738273,2017,331,10486826,3.156341108358239
self-organizing-maps,W65738273,2018,381,10440560,3.6492295432428907
self-organizing-maps,W65738273,2019,402,10809025,3.7191143512018887
self-organizing-maps,W65738273,2020,462,11502225,4.01661417682231
self-organizing-maps,W65738273,2021,475,10787054,4.403426551864856
self-organizing-maps,W65738273,2022,414,10282098,4.026415620625285
self-organizing-maps,W65738273,2023,401,10918455,3.6726807959551055
self-organizing-maps,W65738273,2024,336,10868091,3.0916193101437965
self-organizing-maps,W65738273,2025,374,14673699,2.5487779189146513
hopfield-networks,W2128084896,1982,0,1390231,0
hopfield-networks,W2128084896,1983,11,1446210,0.7606087635958817
hopfield-networks,W2128084896,1984,13,1515009,0.8580807110716834
hopfield-networks,W2128084896,1985,45,1564860,2.8756566082588857
hopfield-networks,W2128084896,1986,169,1643998,10.279817858659195
hopfield-networks,W2128084896,1987,222,1731592,12.82057205161493
hopfield-networks,W2128084896,1988,324,1812208,17.878742396016353
hopfield-networks,W2128084896,1989,434,1930828,22.47740347664318
hopfield-networks,W2128084896,1990,436,2092175,20.839556920429697
hopfield-networks,W2128084896,1991,498,2088432,23.845641131719873
hopfield-networks,W2128084896,1992,388,2187437,17.73765370156946
hopfield-networks,W2128084896,1993,364,2281828,15.952122596444605
hopfield-networks,W2128084896,1994,316,2408187,13.121904569703265
hopfield-networks,W2128084896,1995,324,2559331,12.659558298633511
hopfield-networks,W2128084896,1996,373,2772211,13.454964286628977
hopfield-networks,W2128084896,1997,271,2863925,9.462538299711062
hopfield-networks,W2128084896,1998,291,3049279,9.543239565812115
hopfield-networks,W2128084896,1999,294,3164532,9.29047328325326
hopfield-networks,W2128084896,2000,261,3819839,6.832748710089614
hopfield-networks,W2128084896,2001,296,3823161,7.742284460424242
hopfield-networks,W2128084896,2002,714,4435510,16.097359717371848
hopfield-networks,W2128084896,2003,510,4719053,10.807253065392569
hopfield-networks,W2128084896,2004,305,5122354,5.9542936704491725
hopfield-networks,W2128084896,2005,419,5473330,7.655303078747307
hopfield-networks,W2128084896,2006,435,5962176,7.295993945834541
hopfield-networks,W2128084896,2007,490,6498279,7.54045801973107
hopfield-networks,W2128084896,2008,497,6992649,7.107463852396997
hopfield-networks,W2128084896,2009,507,7564516,6.702345530103975
hopfield-networks,W2128084896,2010,469,8106478,5.785496488117281
hopfield-networks,W2128084896,2011,509,8722894,5.835219366416696
hopfield-networks,W2128084896,2012,507,8993417,5.637456819804975
hopfield-networks,W2128084896,2013,510,9445386,5.399461705429508
hopfield-networks,W2128084896,2014,519,9998226,5.190920869362224
hopfield-networks,W2128084896,2015,414,10215433,4.052691648019227
hopfield-networks,W2128084896,2016,459,10628204,4.318697684011335
hopfield-networks,W2128084896,2017,506,10486826,4.825101513079363
hopfield-networks,W2128084896,2018,564,10440560,5.402009087635146
hopfield-networks,W2128084896,2019,669,10809025,6.189272390432995
hopfield-networks,W2128084896,2020,756,11502225,6.57264138025469
hopfield-networks,W2128084896,2021,815,10787054,7.555352925831279
hopfield-networks,W2128084896,2022,725,10282098,7.051090156892106
hopfield-networks,W2128084896,2023,812,10918455,7.4369496416846514
hopfield-networks,W2128084896,2024,752,10868091,6.919338456036114
hopfield-networks,W2128084896,2025,870,14673699,5.9289753728763275
boltzmann-machines,W2042492924,1985,24,1564860,1.533683524404739
boltzmann-machines,W2042492924,1986,74,1643998,4.501222020951364
boltzmann-machines,W2042492924,1987,85,1731592,4.90877758733004
boltzmann-machines,W2042492924,1988,104,1812208,5.738855583906483
boltzmann-machines,W2042492924,1989,65,1930828,3.3664313962714445
boltzmann-machines,W2042492924,1990,94,2092175,4.492931996606402
boltzmann-machines,W2042492924,1991,90,2088432,4.309453216575881
boltzmann-machines,W2042492924,1992,70,2187437,3.2000921626542844
boltzmann-machines,W2042492924,1993,53,2281828,2.3226991692625387
boltzmann-machines,W2042492924,1994,59,2408187,2.449975853204091
boltzmann-machines,W2042492924,1995,59,2559331,2.305289937096843
boltzmann-machines,W2042492924,1996,39,2772211,1.4068193221944505
boltzmann-machines,W2042492924,1997,47,2863925,1.641104428363173
boltzmann-machines,W2042492924,1998,44,3049279,1.4429640580609384
boltzmann-machines,W2042492924,1999,33,3164532,1.042808225671284
boltzmann-machines,W2042492924,2000,31,3819839,0.81155252878459
boltzmann-machines,W2042492924,2001,54,3823161,1.412443786699017
boltzmann-machines,W2042492924,2002,83,4435510,1.8712617038401447
boltzmann-machines,W2042492924,2003,65,4719053,1.3773949985304255
boltzmann-machines,W2042492924,2004,27,5122354,0.5271014068922218
boltzmann-machines,W2042492924,2005,46,5473330,0.8404390014853845
boltzmann-machines,W2042492924,2006,37,5962176,0.620578795392823
boltzmann-machines,W2042492924,2007,43,6498279,0.6617136629559919
boltzmann-machines,W2042492924,2008,50,6992649,0.7150366048689131
boltzmann-machines,W2042492924,2009,52,7564516,0.6874200543696385
boltzmann-machines,W2042492924,2010,64,8106478,0.7894920580799701
boltzmann-machines,W2042492924,2011,69,8722894,0.7910218787480393
boltzmann-machines,W2042492924,2012,91,8993417,1.0118512240675597
boltzmann-machines,W2042492924,2013,102,9445386,1.0798923410859016
boltzmann-machines,W2042492924,2014,90,9998226,0.9001596883287095
boltzmann-machines,W2042492924,2015,103,10215433,1.008278356874349
boltzmann-machines,W2042492924,2016,123,10628204,1.157298072186044
boltzmann-machines,W2042492924,2017,141,10486826,1.3445440975181624
boltzmann-machines,W2042492924,2018,162,10440560,1.5516409081505207
boltzmann-machines,W2042492924,2019,180,10809025,1.6652750826277116
boltzmann-machines,W2042492924,2020,171,11502225,1.4866688836290372
boltzmann-machines,W2042492924,2021,204,10787054,1.8911558243798539
boltzmann-machines,W2042492924,2022,136,10282098,1.3226872570170016
boltzmann-machines,W2042492924,2023,123,10918455,1.1265330122256307
boltzmann-machines,W2042492924,2024,63,10868091,0.5796786206519617
boltzmann-machines,W2042492924,2025,33,14673699,0.22489216931599862
reservoir-computing,W2118706537,2004,6,5122354,0.1171336459760493
reservoir-computing,W2118706537,2005,20,5473330,0.36540826151538464
reservoir-computing,W2118706537,2006,29,5962176,0.4863995963889694
reservoir-computing,W2118706537,2007,48,6498279,0.7386571121369212
reservoir-computing,W2118706537,2008,62,6992649,0.8866453900374522
reservoir-computing,W2118706537,2009,76,7564516,1.0046908486940869
reservoir-computing,W2118706537,2010,77,8106478,0.9498576323774641
reservoir-computing,W2118706537,2011,63,8722894,0.7222373675525576
reservoir-computing,W2118706537,2012,101,8993417,1.123043666272786
reservoir-computing,W2118706537,2013,108,9445386,1.1434154199733078
reservoir-computing,W2118706537,2014,122,9998226,1.2202164664011395
reservoir-computing,W2118706537,2015,129,10215433,1.262795223658165
reservoir-computing,W2118706537,2016,145,10628204,1.3642944753412714
reservoir-computing,W2118706537,2017,170,10486826,1.6210815360148056
reservoir-computing,W2118706537,2018,245,10440560,2.346617422820232
reservoir-computing,W2118706537,2019,322,10809025,2.97899209225624
reservoir-computing,W2118706537,2020,264,11502225,2.2952081010413203
reservoir-computing,W2118706537,2021,369,10787054,3.420767152922383
reservoir-computing,W2118706537,2022,311,10282098,3.02467453626682
reservoir-computing,W2118706537,2023,351,10918455,3.214740547082898
reservoir-computing,W2118706537,2024,322,10868091,2.962801838887805
reservoir-computing,W2118706537,2025,308,14673699,2.098993580282654
neuroevolution,W2111935653,2002,7,4435510,0.15781725213109654
neuroevolution,W2111935653,2003,15,4719053,0.317860384276252
neuroevolution,W2111935653,2004,19,5122354,0.3709232122574894
neuroevolution,W2111935653,2005,32,5473330,0.5846532184246154
neuroevolution,W2111935653,2006,52,5962176,0.8721647935250485
neuroevolution,W2111935653,2007,60,6498279,0.9233213901711514
neuroevolution,W2111935653,2008,95,6992649,1.3585695492509346
neuroevolution,W2111935653,2009,103,7564516,1.3616204923090915
neuroevolution,W2111935653,2010,98,8106478,1.208909713934954
neuroevolution,W2111935653,2011,121,8722894,1.3871543091088805
neuroevolution,W2111935653,2012,120,8993417,1.334309306462716
neuroevolution,W2111935653,2013,116,9445386,1.228112858489849
neuroevolution,W2111935653,2014,123,9998226,1.230218240715903
neuroevolution,W2111935653,2015,114,10215433,1.115958569744425
neuroevolution,W2111935653,2016,127,10628204,1.1949337818506307
neuroevolution,W2111935653,2017,169,10486826,1.6115457622735423
neuroevolution,W2111935653,2018,204,10440560,1.9539181806339891
neuroevolution,W2111935653,2019,296,10809025,2.7384523580989035
neuroevolution,W2111935653,2020,319,11502225,2.7733764554249287
neuroevolution,W2111935653,2021,302,10787054,2.799652249817235
neuroevolution,W2111935653,2022,210,10282098,2.042384735099782
neuroevolution,W2111935653,2023,219,10918455,2.0057782900602694
neuroevolution,W2111935653,2024,156,10868091,1.4353946797096198
neuroevolution,W2111935653,2025,140,14673699,0.95408799103757
symbolic-regression,W1979769287,2009,15,7564516,0.19829424645278032
symbolic-regression,W1979769287,2010,41,8106478,0.5057683497074809
symbolic-regression,W1979769287,2011,44,8722894,0.5044197487668657
symbolic-regression,W1979769287,2012,76,8993417,0.8450625607597201
symbolic-regression,W1979769287,2013,82,9445386,0.8681487447945484
symbolic-regression,W1979769287,2014,105,9998226,1.050186303050161
symbolic-regression,W1979769287,2015,103,10215433,1.008278356874349
symbolic-regression,W1979769287,2016,108,10628204,1.0161641609438434
symbolic-regression,W1979769287,2017,106,10486826,1.0107920165739375
symbolic-regression,W1979769287,2018,162,10440560,1.5516409081505207
symbolic-regression,W1979769287,2019,223,10809025,2.0630907968109984
symbolic-regression,W1979769287,2020,237,11502225,2.060470908889367
symbolic-regression,W1979769287,2021,275,10787054,2.549352214237548
symbolic-regression,W1979769287,2022,234,10282098,2.2758001333969
symbolic-regression,W1979769287,2023,288,10918455,2.637735833503916
symbolic-regression,W1979769287,2024,317,10868091,2.916795599153522
symbolic-regression,W1979769287,2025,279,14673699,1.9013610678534432
support-vector-machines,W4239510810,1995,0,2559331,0
support-vector-machines,W4239510810,1996,2,2772211,0.07214458062535645
support-vector-machines,W4239510810,1997,5,2863925,0.17458557748544393
support-vector-machines,W4239510810,1998,16,3049279,0.5247142029312503
support-vector-machines,W4239510810,1999,12,3164532,0.3792029911531942
support-vector-machines,W4239510810,2000,33,3819839,0.8639107564481121
support-vector-machines,W4239510810,2001,35,3823161,0.9154728247123257
support-vector-machines,W4239510810,2002,98,4435510,2.2094415298353516
support-vector-machines,W4239510810,2003,123,4719053,2.606455151065267
support-vector-machines,W4239510810,2004,135,5122354,2.635507034461109
support-vector-machines,W4239510810,2005,182,5473330,3.3252151797900003
support-vector-machines,W4239510810,2006,310,5962176,5.199443961399329
support-vector-machines,W4239510810,2007,275,6498279,4.231889704951111
support-vector-machines,W4239510810,2008,397,6992649,5.677390642659169
support-vector-machines,W4239510810,2009,429,7564516,5.671215448549517
support-vector-machines,W4239510810,2010,480,8106478,5.921190435599776
support-vector-machines,W4239510810,2011,648,8722894,7.428727209112021
support-vector-machines,W4239510810,2012,804,8993417,8.939872353300197
support-vector-machines,W4239510810,2013,1056,9445386,11.180061884183452
support-vector-machines,W4239510810,2014,1370,9998226,13.702430811225911
support-vector-machines,W4239510810,2015,1460,10215433,14.292100980937374
support-vector-machines,W4239510810,2016,1665,10628204,15.665864147884252
support-vector-machines,W4239510810,2017,2025,10486826,19.309941826058715
support-vector-machines,W4239510810,2018,2554,10440560,24.462289379113763
support-vector-machines,W4239510810,2019,2884,10809025,26.68140743499067
support-vector-machines,W4239510810,2020,3254,11502225,28.290178639350213
support-vector-machines,W4239510810,2021,3733,10787054,34.60629751181369
support-vector-machines,W4239510810,2022,3984,10282098,38.74695611732158
support-vector-machines,W4239510810,2023,4326,10918455,39.6209903324234
support-vector-machines,W4239510810,2024,4166,10868091,38.33239894660433
support-vector-machines,W4239510810,2025,3215,14673699,21.90994922275563
