branch_id,branch,openalex_id,title,year,cited_by_count,doi,primary_url
expert-systems,Expert systems,https://openalex.org/W1593793857,Local Computations with Probabilities on Graphical Structures and Their Application to Expert Systems,1988,3979,https://doi.org/10.1111/j.2517-6161.1988.tb01721.x,https://doi.org/10.1111/j.2517-6161.1988.tb01721.x
expert-systems,Expert systems,https://openalex.org/W1564733196,Building Expert Systems,1986,1943,https://doi.org/10.1515/zwf-1986-811227,https://doi.org/10.1515/zwf-1986-811227
expert-systems,Expert systems,https://openalex.org/W1513861746,Probabilistic Networks and Expert Systems,1999,1739,https://doi.org/10.1007/b97670,https://doi.org/10.1007/b97670
expert-systems,Expert systems,https://openalex.org/W1549872659,Rule-Based Expert Systems: The MYCIN Experiments of the Stanford Heuristic Programming Project,1986,1711,https://doi.org/10.1016/s0736-5853(86)80073-9,https://doi.org/10.1016/s0736-5853(86)80073-9
expert-systems,Expert systems,https://openalex.org/W3093981756,Building expert systems,1983,1699,,http://katalog.pustaka.unand.ac.id//index.php?p=show_detail&amp;id=31605
symbolic-ai,Symbolic AI,https://openalex.org/W2930003055,Reconciling deep learning with symbolic artificial intelligence: representing objects and relations,2019,260,https://doi.org/10.1016/j.cobeha.2018.12.010,https://doi.org/10.1016/j.cobeha.2018.12.010
symbolic-ai,Symbolic AI,https://openalex.org/W4399387213,Neuro-symbolic artificial intelligence: a survey,2024,179,https://doi.org/10.1007/s00521-024-09960-z,https://doi.org/10.1007/s00521-024-09960-z
symbolic-ai,Symbolic AI,https://openalex.org/W3200351420,Neuro-symbolic artificial intelligence,2021,165,https://doi.org/10.3233/aic-210084,https://doi.org/10.3233/aic-210084
symbolic-ai,Symbolic AI,https://openalex.org/W2001379035,Quantum aspects of semantic analysis and symbolic artificial intelligence,2004,143,https://doi.org/10.1088/0305-4470/37/12/l01,https://doi.org/10.1088/0305-4470/37/12/l01
symbolic-ai,Symbolic AI,https://openalex.org/W4206078757,Neuro-Symbolic Artificial Intelligence: The State of the Art,2021,138,https://doi.org/10.3233/faia342,https://doi.org/10.3233/faia342
case-based-reasoning,Case-based reasoning,https://openalex.org/W2126385963,"Case-Based Reasoning: Foundational Issues, Methodological Variations, and System Approaches",1994,5582,https://doi.org/10.3233/aic-1994-7104,https://doi.org/10.3233/aic-1994-7104
case-based-reasoning,Case-based reasoning,https://openalex.org/W1500151553,Case-Based Reasoning,2005,4251,https://doi.org/10.1017/cbo9780511816833.015,https://doi.org/10.1017/cbo9780511816833.015
case-based-reasoning,Case-based reasoning,https://openalex.org/W1563716826,Inside Case-Based Reasoning,2013,1407,https://doi.org/10.4324/9780203781821,https://doi.org/10.4324/9780203781821
case-based-reasoning,Case-based reasoning,https://openalex.org/W51251913,What Is Case-Based Reasoning?,1993,1311,https://doi.org/10.1016/b978-1-55860-237-3.50005-4,https://doi.org/10.1016/b978-1-55860-237-3.50005-4
case-based-reasoning,Case-based reasoning,https://openalex.org/W2032359173,Problem-Based Learning Meets Case-Based Reasoning in the Middle-School Science Classroom: Putting Learning by Design(tm) Into Practice,2003,1054,https://doi.org/10.1207/s15327809jls1204_2,https://doi.org/10.1207/s15327809jls1204_2
inductive-logic-programming,Inductive logic programming,https://openalex.org/W1987902506,Inductive Logic Programming: Theory and methods,1994,1555,https://doi.org/10.1016/0743-1066(94)90035-3,https://doi.org/10.1016/0743-1066(94)90035-3
inductive-logic-programming,Inductive logic programming,https://openalex.org/W2520858206,Inductive logic programming,1991,956,https://doi.org/10.1007/bf03037089,https://doi.org/10.1007/bf03037089
inductive-logic-programming,Inductive logic programming,https://openalex.org/W2158292827,Inductive Logic Programming: Techniques and Applications,1993,769,,https://bvbr.bib-bvb.de:443/F?func=service&doc_library=BVB01&local_base=BVB01&doc_number=006388238&sequence=000002&line_number=0001&func_code=DB_RECORDS&service_type=MEDIA
inductive-logic-programming,Inductive logic programming,https://openalex.org/W2163274265,Learning to parse database queries using inductive logic programming,1996,684,,http://citeseerx.ist.psu.edu/viewdoc/summary?doi=10.1.1.47.4952
inductive-logic-programming,Inductive logic programming,https://openalex.org/W2169042011,Foundations of Inductive Logic Programming,1997,476,https://doi.org/10.1007/3-540-62927-0,https://doi.org/10.1007/3-540-62927-0
learning-classifier-systems,Learning classifier systems,https://openalex.org/W2098888151,"Accuracy-Based Learning Classifier Systems: Models, Analysis and Applications to Classification Tasks",2003,359,https://doi.org/10.1162/106365603322365289,https://doi.org/10.1162/106365603322365289
learning-classifier-systems,Learning classifier systems,https://openalex.org/W2009718765,"Learning Classifier Systems: A Complete Introduction, Review, and Roadmap",2009,307,https://doi.org/10.1155/2009/736398,https://doi.org/10.1155/2009/736398
learning-classifier-systems,Learning classifier systems,https://openalex.org/W2496221789,"Learning Classifier Systems, From Foundations to Applications",2000,184,https://doi.org/10.1007/3-540-45027-0,http://hdl.handle.net/2078/ebook:32885
learning-classifier-systems,Learning classifier systems,https://openalex.org/W2008088085,Applications of Learning Classifier Systems,2004,148,https://doi.org/10.1007/978-3-540-39925-4,https://doi.org/10.1007/978-3-540-39925-4
learning-classifier-systems,Learning classifier systems,https://openalex.org/W2007436726,Learning Classifier Systems,2002,146,https://doi.org/10.1007/s005000100110,https://doi.org/10.1007/s005000100110
fuzzy-logic,Fuzzy logic,https://openalex.org/W1898259180,Fuzzy Sets and Fuzzy Logic: Theory and Applications,1995,6082,,http://ci.nii.ac.jp/ncid/BA26601145
fuzzy-logic,Fuzzy logic,https://openalex.org/W4249749961,An experiment in linguistic synthesis with a fuzzy logic controller,1975,5742,https://doi.org/10.1016/s0020-7373(75)80002-2,https://doi.org/10.1016/s0020-7373(75)80002-2
fuzzy-logic,Fuzzy logic,https://openalex.org/W1992176519,An Experiment in Linguistic Synthesis with a Fuzzy Logic Controller,1999,5628,https://doi.org/10.1006/ijhc.1973.0303,https://doi.org/10.1006/ijhc.1973.0303
fuzzy-logic,Fuzzy logic,https://openalex.org/W2062706881,Fuzzy logic in control systems: fuzzy logic controller. I,1990,5626,https://doi.org/10.1109/21.52551,https://doi.org/10.1109/21.52551
fuzzy-logic,Fuzzy logic,https://openalex.org/W1485268022,Fuzzy Logic with Engineering Applications,2010,4698,https://doi.org/10.1002/9781119994374,https://doi.org/10.1002/9781119994374
genetic-programming,Genetic programming,https://openalex.org/W1576818901,Genetic Programming: On the Programming of Computers by Means of Natural Selection,1992,13266,,http://ci.nii.ac.jp/ncid/BA1926018X
genetic-programming,Genetic programming,https://openalex.org/W1517016597,Genetic programming II: Automatic discovery of reusable programs,1995,1910,https://doi.org/10.1016/0898-1221(95)90099-3,https://doi.org/10.1016/0898-1221(95)90099-3
genetic-programming,Genetic programming,https://openalex.org/W2100604298,Genetic programming - An Introduction: On the Automatic Evolution of Computer Programs and Its Applications,1998,1687,,http://www.loc.gov/catdir/description/els032/97051603.html
genetic-programming,Genetic programming,https://openalex.org/W2040492000,Genetic programming as a means for programming computers by natural selection,1994,1672,https://doi.org/10.1007/bf00175355,https://doi.org/10.1007/bf00175355
genetic-programming,Genetic programming,https://openalex.org/W1483736078,A Field Guide to Genetic Programming,2008,1669,,https://dces.essex.ac.uk/staff/rpoli/gp-field-guide/A_Field_Guide_to_Genetic_Programming.pdf
artificial-life,Artificial life,https://openalex.org/W135895241,Artificial Life II,1991,700,,https://www.amazon.com/Artificial-INSTITUTE-SCIENCES-COMPLEXITY-PROCEEDINGS/dp/0201525712
artificial-life,Artificial life,https://openalex.org/W2001024377,Studying artificial life with cellular automata,1986,696,https://doi.org/10.1016/0167-2789(86)90237-x,https://doi.org/10.1016/0167-2789(86)90237-x
artificial-life,Artificial life,https://openalex.org/W2501807371,Advances in Artificial Life,2003,669,https://doi.org/10.1007/b12035,https://doi.org/10.1007/b12035
artificial-life,Artificial life,https://openalex.org/W1525511955,Artificial Life: An Overview,1995,574,,http://ieeexplore.ieee.org/xpl/bkabstractplus.jsp?bkn=6276842
artificial-life,Artificial life,https://openalex.org/W2088944761,Introduction To Artificial Life,1998,410,https://doi.org/10.1109/tevc.1998.738989,https://doi.org/10.1109/tevc.1998.738989
self-organizing-maps,Self-organizing maps,https://openalex.org/W1679913846,Self-Organizing Maps,1995,10372,https://doi.org/10.1007/978-3-642-56927-2,https://doi.org/10.1007/978-3-642-56927-2
self-organizing-maps,Self-organizing maps,https://openalex.org/W1990517717,The self-organizing map,1990,8251,https://doi.org/10.1109/5.58325,https://doi.org/10.1109/5.58325
self-organizing-maps,Self-organizing maps,https://openalex.org/W2135187880,Interpreting patterns of gene expression with self-organizing maps: Methods and application to hematopoietic differentiation,1999,2947,https://doi.org/10.1073/pnas.96.6.2907,https://doi.org/10.1073/pnas.96.6.2907
self-organizing-maps,Self-organizing maps,https://openalex.org/W2110802877,Clustering of the self-organizing map,2000,2709,https://doi.org/10.1109/72.846731,https://doi.org/10.1109/72.846731
self-organizing-maps,Self-organizing maps,https://openalex.org/W1993835819,FlowSOM: Using self‐organizing maps for visualization and interpretation of cytometry data,2015,2115,https://doi.org/10.1002/cyto.a.22625,https://doi.org/10.1002/cyto.a.22625
hopfield-networks,Hopfield networks,https://openalex.org/W2140075227,Image restoration using a modified Hopfield network,1992,239,https://doi.org/10.1109/83.128030,https://doi.org/10.1109/83.128030
hopfield-networks,Hopfield networks,https://openalex.org/W2135162579,Hopfield network for stereo vision correspondence,1992,163,https://doi.org/10.1109/72.105413,https://doi.org/10.1109/72.105413
hopfield-networks,Hopfield networks,https://openalex.org/W2126681784,Stability of asymmetric Hopfield networks,2001,144,https://doi.org/10.1109/72.896806,https://doi.org/10.1109/72.896806
hopfield-networks,Hopfield networks,https://openalex.org/W2243370844,A Generalized Hopfield Network for Nonsmooth Constrained Convex Optimization: Lie Derivative Approach,2015,143,https://doi.org/10.1109/tnnls.2015.2496658,https://doi.org/10.1109/tnnls.2015.2496658
hopfield-networks,Hopfield networks,https://openalex.org/W2125150881,On the equivalence of Hopfield networks and Boltzmann Machines,2012,137,https://doi.org/10.1016/j.neunet.2012.06.003,https://doi.org/10.1016/j.neunet.2012.06.003
boltzmann-machines,Boltzmann machines,https://openalex.org/W1665214252,Rectified Linear Units Improve Restricted Boltzmann Machines,2010,13220,,https://icml.cc/Conferences/2010/papers/432.pdf
boltzmann-machines,Boltzmann machines,https://openalex.org/W2042492924,A Learning Algorithm for Boltzmann Machines*,1985,3328,https://doi.org/10.1207/s15516709cog0901_7,https://doi.org/10.1207/s15516709cog0901_7
boltzmann-machines,Boltzmann machines,https://openalex.org/W44815768,A Practical Guide to Training Restricted Boltzmann Machines,2012,2831,https://doi.org/10.1007/978-3-642-35289-8_32,https://doi.org/10.1007/978-3-642-35289-8_32
boltzmann-machines,Boltzmann machines,https://openalex.org/W2099866409,Restricted Boltzmann machines for collaborative filtering,2007,1889,https://doi.org/10.1145/1273496.1273596,https://doi.org/10.1145/1273496.1273596
boltzmann-machines,Boltzmann machines,https://openalex.org/W189596042,Deep Boltzmann machines,2009,1769,,http://citeseerx.ist.psu.edu/viewdoc/summary?doi=10.1.1.381.2928
reservoir-computing,Reservoir computing,https://openalex.org/W2171865010,Reservoir computing approaches to recurrent neural network training,2009,3009,https://doi.org/10.1016/j.cosrev.2009.03.005,https://doi.org/10.1016/j.cosrev.2009.03.005
reservoir-computing,Reservoir computing,https://openalex.org/W2887258823,Recent advances in physical reservoir computing: A review,2019,2149,https://doi.org/10.1016/j.neunet.2019.03.005,https://doi.org/10.1016/j.neunet.2019.03.005
reservoir-computing,Reservoir computing,https://openalex.org/W2782714865,Model-Free Prediction of Large Spatiotemporally Chaotic Systems from Data: A Reservoir Computing Approach,2018,1343,https://doi.org/10.1103/physrevlett.120.024102,https://doi.org/10.1103/physrevlett.120.024102
reservoir-computing,Reservoir computing,https://openalex.org/W2036451492,An experimental unification of reservoir computing methods,2007,1149,https://doi.org/10.1016/j.neunet.2007.04.003,https://doi.org/10.1016/j.neunet.2007.04.003
reservoir-computing,Reservoir computing,https://openalex.org/W2772397789,Reservoir computing using dynamic memristors for temporal information processing,2017,1034,https://doi.org/10.1038/s41467-017-02337-y,https://doi.org/10.1038/s41467-017-02337-y
neuroevolution,Neuroevolution,https://openalex.org/W2171658832,Neuroevolution: from architectures to learning,2008,740,https://doi.org/10.1007/s12065-007-0002-4,https://doi.org/10.1007/s12065-007-0002-4
neuroevolution,Neuroevolution,https://openalex.org/W2906697496,Designing neural networks through neuroevolution,2018,705,https://doi.org/10.1038/s42256-018-0006-z,https://doi.org/10.1038/s42256-018-0006-z
neuroevolution,Neuroevolution,https://openalex.org/W2778749116,Deep Neuroevolution: Genetic Algorithms Are a Competitive Alternative for Training Deep Neural Networks for Reinforcement Learning,2017,555,https://doi.org/10.48550/arxiv.1712.06567,http://arxiv.org/abs/1712.06567
neuroevolution,Neuroevolution,https://openalex.org/W2140685838,Real-Time Neuroevolution in the NERO Video Game,2005,395,https://doi.org/10.1109/tevc.2005.856210,https://doi.org/10.1109/tevc.2005.856210
neuroevolution,Neuroevolution,https://openalex.org/W2113929747,The neuroevolution of empathy,2011,389,https://doi.org/10.1111/j.1749-6632.2011.06027.x,https://doi.org/10.1111/j.1749-6632.2011.06027.x
symbolic-regression,Symbolic regression,https://openalex.org/W3042344738,Simple descriptor derived from symbolic regression accelerating the discovery of new perovskite catalysts,2020,392,https://doi.org/10.1038/s41467-020-17263-9,https://doi.org/10.1038/s41467-020-17263-9
symbolic-regression,Symbolic regression,https://openalex.org/W2121162457,Order of Nonlinearity as a Complexity Measure for Models Generated by Symbolic Regression via Pareto Genetic Programming,2008,362,https://doi.org/10.1109/tevc.2008.926486,https://doi.org/10.1109/tevc.2008.926486
symbolic-regression,Symbolic regression,https://openalex.org/W1519072852,Improving Symbolic Regression with Interval Arithmetic and Linear Scaling,2003,351,https://doi.org/10.1007/3-540-36599-0_7,https://doi.org/10.1007/3-540-36599-0_7
symbolic-regression,Symbolic regression,https://openalex.org/W203043813,GPTIPS: An Open Source Genetic Programming Toolbox For Multigene Symbolic Regression,2010,334,,http://citeseerx.ist.psu.edu/viewdoc/summary?doi=10.1.1.177.522
symbolic-regression,Symbolic regression,https://openalex.org/W4390502602,Interpretable scientific discovery with symbolic regression: a review,2024,309,https://doi.org/10.1007/s10462-023-10622-0,https://doi.org/10.1007/s10462-023-10622-0
support-vector-machines,Support vector machines (control),https://openalex.org/W2139212933,A Tutorial on Support Vector Machines for Pattern Recognition,1998,16494,https://doi.org/10.1023/a:1009715923555,https://doi.org/10.1023/a:1009715923555
support-vector-machines,Support vector machines (control),https://openalex.org/W1563088657,An Introduction to Support Vector Machines and Other Kernel-based Learning Methods,2000,13936,https://doi.org/10.1017/cbo9780511801389,https://doi.org/10.1017/cbo9780511801389
support-vector-machines,Support vector machines (control),https://openalex.org/W3120421331,Libsvm : A library for support vector machines,2008,10138,,https://ci.nii.ac.jp/naid/10029805682
support-vector-machines,Support vector machines (control),https://openalex.org/W2143426320,Gene Selection for Cancer Classification using Support Vector Machines,2002,10036,https://doi.org/10.1023/a:1012487302797,https://doi.org/10.1023/a:1012487302797
support-vector-machines,Support vector machines (control),https://openalex.org/W1596717185,Least Squares Support Vector Machine Classifiers,1999,9448,https://doi.org/10.1023/a:1018628609742,https://doi.org/10.1023/a:1018628609742
bayesian-networks,Bayesian networks (control),https://openalex.org/W1817561967,Bayesian Network Classifiers,1997,4763,https://doi.org/10.1023/a:1007465528199,https://doi.org/10.1023/a:1007465528199
bayesian-networks,Bayesian networks (control),https://openalex.org/W1755360231,Bayesian Networks and Decision Graphs,2007,4147,https://doi.org/10.1007/978-0-387-68282-2,https://doi.org/10.1007/978-0-387-68282-2
bayesian-networks,Bayesian networks (control),https://openalex.org/W2611370172,Using Bayesian Networks to Analyze Expression Data,2000,3337,https://doi.org/10.1089/106652700750050961,https://doi.org/10.1089/106652700750050961
bayesian-networks,Bayesian networks (control),https://openalex.org/W2170112109,Learning Bayesian Networks: The Combination of Knowledge and Statistical Data,1995,3274,https://doi.org/10.1023/a:1022623210503,https://doi.org/10.1023/a:1022623210503
bayesian-networks,Bayesian networks (control),https://openalex.org/W2110575115,"Dynamic bayesian networks: representation, inference and learning",2002,2599,,http://citeseerx.ist.psu.edu/viewdoc/summary?doi=10.1.1.129.7714
